Product_Code,Product_Category,ds,y,week_of_month,month,y_pred
Product_0620,Category_001,2012-01-09,262,2,1,
Product_0620,Category_001,2012-01-16,141,3,1,
Product_0620,Category_001,2012-01-23,221,4,1,
Product_0620,Category_001,2012-01-30,156,5,1,
Product_0620,Category_001,2012-02-06,242,1,2,
Product_0620,Category_001,2012-02-13,164,2,2,
Product_0620,Category_001,2012-02-20,180,3,2,
Product_0620,Category_001,2012-02-27,200,4,2,
Product_0620,Category_001,2012-03-05,456,1,3,
Product_0620,Category_001,2012-03-12,167,2,3,
Product_0620,Category_001,2012-03-19,374,3,3,
Product_0620,Category_001,2012-03-26,86,4,3,
Product_0620,Category_001,2012-04-02,126,1,4,
Product_0620,Category_001,2012-04-09,270,2,4,
Product_0620,Category_001,2012-04-16,256,3,4,
Product_0620,Category_001,2012-04-23,120,4,4,
Product_0620,Category_001,2012-04-30,560,5,4,
Product_0620,Category_001,2012-05-07,130,1,5,
Product_0620,Category_001,2012-05-14,158,2,5,
Product_0620,Category_001,2012-05-21,160,3,5,
Product_0620,Category_001,2012-05-28,142,4,5,
Product_0620,Category_001,2012-06-04,327,1,6,
Product_0620,Category_001,2012-06-11,128,2,6,
Product_0620,Category_001,2012-06-18,243,3,6,
Product_0620,Category_001,2012-06-25,156,4,6,
Product_0620,Category_001,2012-07-02,219,1,7,
Product_0620,Category_001,2012-07-09,193,2,7,
Product_0620,Category_001,2012-07-16,41,3,7,
Product_0620,Category_001,2012-07-23,186,4,7,
Product_0620,Category_001,2012-07-30,234,5,7,
Product_0620,Category_001,2012-08-06,220,1,8,
Product_0620,Category_001,2012-08-13,343,2,8,
Product_0620,Category_001,2012-08-20,55,3,8,
Product_0620,Category_001,2012-08-27,164,4,8,
Product_0620,Category_001,2012-09-03,147,1,9,
Product_0620,Category_001,2012-09-10,142,2,9,
Product_0620,Category_001,2012-09-17,117,3,9,
Product_0620,Category_001,2012-09-24,175,4,9,
Product_0620,Category_001,2012-10-01,108,1,10,
Product_0620,Category_001,2012-10-08,135,2,10,
Product_0620,Category_001,2012-10-15,272,3,10,
Product_0620,Category_001,2012-10-22,355,4,10,
Product_0620,Category_001,2012-10-29,97,5,10,
Product_0620,Category_001,2012-11-05,94,1,11,
Product_0620,Category_001,2012-11-12,164,2,11,
Product_0620,Category_001,2012-11-19,152,3,11,
Product_0620,Category_001,2012-11-26,175,4,11,
Product_0620,Category_001,2012-12-03,107,1,12,
Product_0620,Category_001,2012-12-10,112,2,12,
Product_0620,Category_001,2012-12-17,162,3,12,
Product_0620,Category_001,2012-12-24,209,4,12,
Product_0620,Category_001,2012-12-31,94,5,12,
Product_0620,Category_001,2013-01-07,114,1,1,
Product_0620,Category_001,2013-01-14,85,2,1,
Product_0620,Category_001,2013-01-21,189,3,1,
Product_0620,Category_001,2013-01-28,448,4,1,
Product_0620,Category_001,2013-02-04,120,1,2,
Product_0620,Category_001,2013-02-11,112,2,2,
Product_0620,Category_001,2013-02-18,114,3,2,
Product_0620,Category_001,2013-02-25,130,4,2,
Product_0620,Category_001,2013-03-04,141,1,3,
Product_0620,Category_001,2013-03-11,137,2,3,
Product_0620,Category_001,2013-03-18,144,3,3,
Product_0620,Category_001,2013-03-25,348,4,3,
Product_0620,Category_001,2013-04-01,202,1,4,
Product_0620,Category_001,2013-04-08,142,2,4,
Product_0620,Category_001,2013-04-15,153,3,4,
Product_0620,Category_001,2013-04-22,204,4,4,
Product_0620,Category_001,2013-04-29,90,5,4,
Product_0620,Category_001,2013-05-06,115,1,5,
Product_0620,Category_001,2013-05-13,97,2,5,
Product_0620,Category_001,2013-05-20,159,3,5,
Product_0620,Category_001,2013-05-27,148,4,5,
Product_0620,Category_001,2013-06-03,377,1,6,
Product_0620,Category_001,2013-06-10,232,2,6,
Product_0620,Category_001,2013-06-17,168,3,6,
Product_0620,Category_001,2013-06-24,149,4,6,
Product_0620,Category_001,2013-07-01,253,1,7,
Product_0620,Category_001,2013-07-08,178,2,7,
Product_0620,Category_001,2013-07-15,41,3,7,
Product_0620,Category_001,2013-07-22,133,4,7,
Product_0620,Category_001,2013-07-29,137,5,7,
Product_0620,Category_001,2013-08-05,119,1,8,
Product_0620,Category_001,2013-08-12,107,2,8,
Product_0620,Category_001,2013-08-19,286,3,8,
Product_0620,Category_001,2013-08-26,161,4,8,
Product_0620,Category_001,2013-09-02,217,1,9,
Product_0620,Category_001,2013-09-09,162,2,9,
Product_0620,Category_001,2013-09-16,98,3,9,
Product_0620,Category_001,2013-09-23,348,4,9,
Product_0620,Category_001,2013-09-30,259,5,9,
Product_0620,Category_001,2013-10-07,150,1,10,
Product_0620,Category_001,2013-10-14,137,2,10,
Product_0620,Category_001,2013-10-21,144,3,10,
Product_0620,Category_001,2013-10-28,362,4,10,
Product_0620,Category_001,2013-11-04,139,1,11,
Product_0620,Category_001,2013-11-11,191,2,11,
Product_0620,Category_001,2013-11-18,212,3,11,
Product_0620,Category_001,2013-11-25,149,4,11,
Product_0620,Category_001,2013-12-02,212,1,12,
Product_0620,Category_001,2013-12-09,185,2,12,
Product_0620,Category_001,2013-12-16,273,3,12,
Product_0620,Category_001,2013-12-23,291,4,12,
Product_0620,Category_001,2013-12-30,123,5,12,
Product_0620,Category_001,2014-01-06,542,1,1,
Product_0620,Category_001,2014-01-13,120,2,1,
Product_0620,Category_001,2014-01-20,168,3,1,
Product_0620,Category_001,2014-01-27,202,4,1,
Product_0620,Category_001,2014-02-03,161,1,2,
Product_0620,Category_001,2014-02-10,201,2,2,
Product_0620,Category_001,2014-02-17,176,3,2,
Product_0620,Category_001,2014-02-24,128,4,2,
Product_0620,Category_001,2014-03-03,271,1,3,
Product_0620,Category_001,2014-03-10,197,2,3,
Product_0620,Category_001,2014-03-17,284,3,3,
Product_0620,Category_001,2014-03-24,215,4,3,
Product_0620,Category_001,2014-03-31,170,5,3,
Product_0620,Category_001,2014-04-07,242,1,4,
Product_0620,Category_001,2014-04-14,83,2,4,
Product_0620,Category_001,2014-04-21,162,3,4,
Product_0620,Category_001,2014-04-28,161,4,4,
Product_0620,Category_001,2014-05-05,96,1,5,
Product_0620,Category_001,2014-05-12,189,2,5,
Product_0620,Category_001,2014-05-19,126,3,5,
Product_0620,Category_001,2014-05-26,151,4,5,
Product_0620,Category_001,2014-06-02,205,1,6,
Product_0620,Category_001,2014-06-09,150,2,6,
Product_0620,Category_001,2014-06-16,490,3,6,
Product_0620,Category_001,2014-06-23,138,4,6,
Product_0620,Category_001,2014-06-30,207,5,6,
Product_0620,Category_001,2014-07-07,242,1,7,
Product_0620,Category_001,2014-07-14,233,2,7,
Product_0620,Category_001,2014-07-21,141,3,7,
Product_0620,Category_001,2014-07-28,305,4,7,
Product_0620,Category_001,2014-08-04,99,1,8,
Product_0620,Category_001,2014-08-11,406,2,8,
Product_0620,Category_001,2014-08-18,71,3,8,
Product_0620,Category_001,2014-08-25,168,4,8,
Product_0620,Category_001,2014-09-01,859,1,9,
Product_0620,Category_001,2014-09-08,143,2,9,
Product_0620,Category_001,2014-09-15,156,3,9,
Product_0620,Category_001,2014-09-22,120,4,9,
Product_0620,Category_001,2014-09-29,197,5,9,
Product_0620,Category_001,2014-10-06,198,1,10,
Product_0620,Category_001,2014-10-13,277,2,10,
Product_0620,Category_001,2014-10-20,237,3,10,
Product_0620,Category_001,2014-10-27,158,4,10,
Product_0620,Category_001,2014-11-03,194,1,11,
Product_0620,Category_001,2014-11-10,303,2,11,
Product_0620,Category_001,2014-11-17,271,3,11,
Product_0620,Category_001,2014-11-24,168,4,11,
Product_0620,Category_001,2014-12-01,243,1,12,
Product_0620,Category_001,2014-12-08,230,2,12,
Product_0620,Category_001,2014-12-15,143,3,12,
Product_0620,Category_001,2014-12-22,246,4,12,
Product_0620,Category_001,2014-12-29,401,5,12,
Product_0620,Category_001,2015-01-05,98,1,1,
Product_0620,Category_001,2015-01-12,178,2,1,
Product_0620,Category_001,2015-01-19,163,3,1,
Product_0620,Category_001,2015-01-26,566,4,1,
Product_0620,Category_001,2015-02-02,430,1,2,
Product_0620,Category_001,2015-02-09,261,2,2,
Product_0620,Category_001,2015-02-16,224,3,2,
Product_0620,Category_001,2015-02-23,173,4,2,
Product_0620,Category_001,2015-03-02,196,1,3,
Product_0620,Category_001,2015-03-09,484,2,3,
Product_0620,Category_001,2015-03-16,773,3,3,
Product_0620,Category_001,2015-03-23,238,4,3,
Product_0620,Category_001,2015-03-30,383,5,3,
Product_0620,Category_001,2015-04-06,166,1,4,
Product_0620,Category_001,2015-04-13,191,2,4,
Product_0620,Category_001,2015-04-20,268,3,4,
Product_0620,Category_001,2015-04-27,156,4,4,
Product_0620,Category_001,2015-05-04,143,1,5,
Product_0620,Category_001,2015-05-11,599,2,5,
Product_0620,Category_001,2015-05-18,206,3,5,
Product_0620,Category_001,2015-05-25,321,4,5,
Product_0620,Category_001,2015-06-01,516,1,6,
Product_0620,Category_001,2015-06-08,76,2,6,
Product_0620,Category_001,2015-06-15,303,3,6,
Product_0620,Category_001,2015-06-22,235,4,6,
Product_0620,Category_001,2015-06-29,381,5,6,
Product_0620,Category_001,2015-07-06,1529,1,7,
Product_0620,Category_001,2015-07-13,392,2,7,
Product_0620,Category_001,2015-07-20,137,3,7,
Product_0620,Category_001,2015-07-27,466,4,7,
Product_0620,Category_001,2015-08-03,338,1,8,
Product_0620,Category_001,2015-08-10,190,2,8,
Product_0620,Category_001,2015-08-17,104,3,8,
Product_0620,Category_001,2015-08-24,175,4,8,
Product_0620,Category_001,2015-08-31,131,5,8,
Product_0620,Category_001,2015-09-07,442,1,9,
Product_0620,Category_001,2015-09-14,256,2,9,
Product_0620,Category_001,2015-09-21,192,3,9,
Product_0620,Category_001,2015-09-28,164,4,9,
Product_0620,Category_001,2015-10-05,130,1,10,
Product_0620,Category_001,2015-10-12,172,2,10,
Product_0620,Category_001,2015-10-19,283,3,10,
Product_0620,Category_001,2015-10-26,162,4,10,
Product_0620,Category_001,2015-11-02,145,1,11,
Product_0620,Category_001,2015-11-09,138,2,11,
Product_0620,Category_001,2015-11-16,223,3,11,
Product_0620,Category_001,2015-11-23,386,4,11,
Product_0620,Category_001,2015-11-30,150,5,11,
Product_0620,Category_001,2015-12-07,168,1,12,
Product_0620,Category_001,2015-12-14,171,2,12,
Product_0620,Category_001,2015-12-21,279,3,12,
Product_0620,Category_001,2015-12-28,264,4,12,
Product_0620,Category_001,2016-01-04,30,1,1,327.0
Product_0620,Category_001,2016-01-11,203,2,1,276.0
Product_0620,Category_001,2016-01-18,321,3,1,273.0
Product_0620,Category_001,2016-01-25,282,4,1,319.0
Product_0620,Category_001,2016-02-01,178,1,2,379.0
Product_0620,Category_001,2016-02-08,183,2,2,336.0
Product_0620,Category_001,2016-02-15,87,3,2,250.0
Product_0620,Category_001,2016-02-22,298,4,2,209.0
Product_0620,Category_001,2016-02-29,101,5,2,261.0
Product_0620,Category_001,2016-03-07,345,1,3,398.0
Product_0620,Category_001,2016-03-14,106,2,3,440.0
Product_0620,Category_001,2016-03-21,158,3,3,387.0
Product_0620,Category_001,2016-03-28,426,4,3,293.0
Product_0620,Category_001,2016-04-04,339,1,4,271.0
Product_0620,Category_001,2016-04-11,265,2,4,278.0
Product_0620,Category_001,2016-04-18,283,3,4,299.0
Product_0620,Category_001,2016-04-25,264,4,4,288.0
Product_0620,Category_001,2016-05-02,142,1,5,286.0
Product_0620,Category_001,2016-05-09,129,2,5,272.0
Product_0620,Category_001,2016-05-16,203,3,5,294.0
Product_0620,Category_001,2016-05-23,108,4,5,317.0
Product_0620,Category_001,2016-05-30,80,5,5,307.0
Product_0620,Category_001,2016-06-06,211,1,6,317.0
Product_0620,Category_001,2016-06-13,159,2,6,313.0
Product_0620,Category_001,2016-06-20,295,3,6,354.0
Product_0620,Category_001,2016-06-27,233,4,6,404.0
Product_0620,Category_001,2016-07-04,107,1,7,440.0
Product_0620,Category_001,2016-07-11,250,2,7,390.0
Product_0620,Category_001,2016-07-18,194,3,7,324.0
Product_0620,Category_001,2016-07-25,223,4,7,285.0
Product_0620,Category_001,2016-08-01,238,1,8,306.0
Product_0620,Category_001,2016-08-08,157,2,8,301.0
Product_0620,Category_001,2016-08-15,108,3,8,290.0
Product_0620,Category_001,2016-08-22,258,4,8,288.0
Product_0620,Category_001,2016-08-29,284,5,8,302.0
Product_0620,Category_001,2016-09-05,95,1,9,352.0
Product_0620,Category_001,2016-09-12,90,2,9,327.0
Product_0620,Category_001,2016-09-19,157,3,9,275.0
Product_0620,Category_001,2016-09-26,161,4,9,238.0
Product_0620,Category_001,2016-10-03,249,1,10,276.0
Product_0620,Category_001,2016-10-10,128,2,10,308.0
Product_0620,Category_001,2016-10-17,440,3,10,319.0
Product_0620,Category_001,2016-10-24,195,4,10,291.0
Product_0620,Category_001,2016-10-31,198,5,10,254.0
Product_0620,Category_001,2016-11-07,192,1,11,287.0
Product_0620,Category_001,2016-11-14,294,2,11,305.0
Product_0620,Category_001,2016-11-21,426,3,11,309.0
Product_0620,Category_001,2016-11-28,174,4,11,279.0
Product_0620,Category_001,2016-12-05,237,1,12,277.0
Product_0620,Category_001,2016-12-12,273,2,12,282.0
Product_0620,Category_001,2016-12-19,209,3,12,319.0
Product_0620,Category_001,2016-12-26,190,4,12,338.0
Product_0620,Category_001,2017-01-02,63,1,1,375.0
Product_1286,Category_019,2012-01-09,74600,2,1,
Product_1286,Category_019,2012-01-16,440400,3,1,
Product_1286,Category_019,2012-01-23,394600,4,1,
Product_1286,Category_019,2012-01-30,392100,5,1,
Product_1286,Category_019,2012-02-06,336500,1,2,
Product_1286,Category_019,2012-02-13,641600,2,2,
Product_1286,Category_019,2012-02-20,535300,3,2,
Product_1286,Category_019,2012-02-27,386400,4,2,
Product_1286,Category_019,2012-03-05,413600,1,3,
Product_1286,Category_019,2012-03-12,502500,2,3,
Product_1286,Category_019,2012-03-19,304500,3,3,
Product_1286,Category_019,2012-03-26,320900,4,3,
Product_1286,Category_019,2012-04-02,616300,1,4,
Product_1286,Category_019,2012-04-09,485300,2,4,
Product_1286,Category_019,2012-04-16,364100,3,4,
Product_1286,Category_019,2012-04-23,290100,4,4,
Product_1286,Category_019,2012-04-30,283300,5,4,
Product_1286,Category_019,2012-05-07,188200,1,5,
Product_1286,Category_019,2012-05-14,406400,2,5,
Product_1286,Category_019,2012-05-21,585100,3,5,
Product_1286,Category_019,2012-05-28,388000,4,5,
Product_1286,Category_019,2012-06-04,196000,1,6,
Product_1286,Category_019,2012-06-11,476100,2,6,
Product_1286,Category_019,2012-06-18,407700,3,6,
Product_1286,Category_019,2012-06-25,492200,4,6,
Product_1286,Category_019,2012-07-02,322500,1,7,
Product_1286,Category_019,2012-07-09,471700,2,7,
Product_1286,Category_019,2012-07-16,286300,3,7,
Product_1286,Category_019,2012-07-23,216400,4,7,
Product_1286,Category_019,2012-07-30,344900,5,7,
Product_1286,Category_019,2012-08-06,519500,1,8,
Product_1286,Category_019,2012-08-13,395800,2,8,
Product_1286,Category_019,2012-08-20,139300,3,8,
Product_1286,Category_019,2012-08-27,328900,4,8,
Product_1286,Category_019,2012-09-03,333900,1,9,
Product_1286,Category_019,2012-09-10,322600,2,9,
Product_1286,Category_019,2012-09-17,360900,3,9,
Product_1286,Category_019,2012-09-24,277000,4,9,
Product_1286,Category_019,2012-10-01,398600,1,10,
Product_1286,Category_019,2012-10-08,281000,2,10,
Product_1286,Category_019,2012-10-15,396700,3,10,
Product_1286,Category_019,2012-10-22,464600,4,10,
Product_1286,Category_019,2012-10-29,380400,5,10,
Product_1286,Category_019,2012-11-05,453300,1,11,
Product_1286,Category_019,2012-11-12,285500,2,11,
Product_1286,Category_019,2012-11-19,320600,3,11,
Product_1286,Category_019,2012-11-26,261300,4,11,
Product_1286,Category_019,2012-12-03,520200,1,12,
Product_1286,Category_019,2012-12-10,433500,2,12,
Product_1286,Category_019,2012-12-17,401900,3,12,
Product_1286,Category_019,2012-12-24,438600,4,12,
Product_1286,Category_019,2012-12-31,316800,5,12,
Product_1286,Category_019,2013-01-07,111600,1,1,
Product_1286,Category_019,2013-01-14,395600,2,1,
Product_1286,Category_019,2013-01-21,266100,3,1,
Product_1286,Category_019,2013-01-28,430500,4,1,
Product_1286,Category_019,2013-02-04,481100,1,2,
Product_1286,Category_019,2013-02-11,474800,2,2,
Product_1286,Category_019,2013-02-18,457300,3,2,
Product_1286,Category_019,2013-02-25,249300,4,2,
Product_1286,Category_019,2013-03-04,591600,1,3,
Product_1286,Category_019,2013-03-11,436500,2,3,
Product_1286,Category_019,2013-03-18,296200,3,3,
Product_1286,Category_019,2013-03-25,399000,4,3,
Product_1286,Category_019,2013-04-01,327200,1,4,
Product_1286,Category_019,2013-04-08,335300,2,4,
Product_1286,Category_019,2013-04-15,312100,3,4,
Product_1286,Category_019,2013-04-22,332600,4,4,
Product_1286,Category_019,2013-04-29,249200,5,4,
Product_1286,Category_019,2013-05-06,159000,1,5,
Product_1286,Category_019,2013-05-13,387900,2,5,
Product_1286,Category_019,2013-05-20,340600,3,5,
Product_1286,Category_019,2013-05-27,187300,4,5,
Product_1286,Category_019,2013-06-03,304500,1,6,
Product_1286,Category_019,2013-06-10,274000,2,6,
Product_1286,Category_019,2013-06-17,393100,3,6,
Product_1286,Category_019,2013-06-24,268300,4,6,
Product_1286,Category_019,2013-07-01,353200,1,7,
Product_1286,Category_019,2013-07-08,555800,2,7,
Product_1286,Category_019,2013-07-15,180500,3,7,
Product_1286,Category_019,2013-07-22,416700,4,7,
Product_1286,Category_019,2013-07-29,306100,5,7,
Product_1286,Category_019,2013-08-05,392300,1,8,
Product_1286,Category_019,2013-08-12,306400,2,8,
Product_1286,Category_019,2013-08-19,145200,3,8,
Product_1286,Category_019,2013-08-26,276100,4,8,
Product_1286,Category_019,2013-09-02,329700,1,9,
Product_1286,Category_019,2013-09-09,240400,2,9,
Product_1286,Category_019,2013-09-16,241800,3,9,
Product_1286,Category_019,2013-09-23,294300,4,9,
Product_1286,Category_019,2013-09-30,534700,5,9,
Product_1286,Category_019,2013-10-07,499200,1,10,
Product_1286,Category_019,2013-10-14,396700,2,10,
Product_1286,Category_019,2013-10-21,298500,3,10,
Product_1286,Category_019,2013-10-28,435500,4,10,
Product_1286,Category_019,2013-11-04,309900,1,11,
Product_1286,Category_019,2013-11-11,654200,2,11,
Product_1286,Category_019,2013-11-18,515300,3,11,
Product_1286,Category_019,2013-11-25,409400,4,11,
Product_1286,Category_019,2013-12-02,374800,1,12,
Product_1286,Category_019,2013-12-09,437200,2,12,
Product_1286,Category_019,2013-12-16,448100,3,12,
Product_1286,Category_019,2013-12-23,293300,4,12,
Product_1286,Category_019,2013-12-30,607200,5,12,
Product_1286,Category_019,2014-01-06,39200,1,1,
Product_1286,Category_019,2014-01-13,687000,2,1,
Product_1286,Category_019,2014-01-20,503600,3,1,
Product_1286,Category_019,2014-01-27,534600,4,1,
Product_1286,Category_019,2014-02-03,573300,1,2,
Product_1286,Category_019,2014-02-10,196100,2,2,
Product_1286,Category_019,2014-02-17,348200,3,2,
Product_1286,Category_019,2014-02-24,209400,4,2,
Product_1286,Category_019,2014-03-03,374100,1,3,
Product_1286,Category_019,2014-03-10,384000,2,3,
Product_1286,Category_019,2014-03-17,365600,3,3,
Product_1286,Category_019,2014-03-24,494700,4,3,
Product_1286,Category_019,2014-03-31,670300,5,3,
Product_1286,Category_019,2014-04-07,375600,1,4,
Product_1286,Category_019,2014-04-14,373500,2,4,
Product_1286,Category_019,2014-04-21,401300,3,4,
Product_1286,Category_019,2014-04-28,451900,4,4,
Product_1286,Category_019,2014-05-05,78600,1,5,
Product_1286,Category_019,2014-05-12,516000,2,5,
Product_1286,Category_019,2014-05-19,235300,3,5,
Product_1286,Category_019,2014-05-26,231100,4,5,
Product_1286,Category_019,2014-06-02,258900,1,6,
Product_1286,Category_019,2014-06-09,449900,2,6,
Product_1286,Category_019,2014-06-16,404300,3,6,
Product_1286,Category_019,2014-06-23,332400,4,6,
Product_1286,Category_019,2014-06-30,531700,5,6,
Product_1286,Category_019,2014-07-07,359000,1,7,
Product_1286,Category_019,2014-07-14,248700,2,7,
Product_1286,Category_019,2014-07-21,376300,3,7,
Product_1286,Category_019,2014-07-28,406200,4,7,
Product_1286,Category_019,2014-08-04,430500,1,8,
Product_1286,Category_019,2014-08-11,562100,2,8,
Product_1286,Category_019,2014-08-18,34600,3,8,
Product_1286,Category_019,2014-08-25,280800,4,8,
Product_1286,Category_019,2014-09-01,306400,1,9,
Product_1286,Category_019,2014-09-08,387300,2,9,
Product_1286,Category_019,2014-09-15,402900,3,9,
Product_1286,Category_019,2014-09-22,549000,4,9,
Product_1286,Category_019,2014-09-29,345000,5,9,
Product_1286,Category_019,2014-10-06,542900,1,10,
Product_1286,Category_019,2014-10-13,329900,2,10,
Product_1286,Category_019,2014-10-20,404400,3,10,
Product_1286,Category_019,2014-10-27,483900,4,10,
Product_1286,Category_019,2014-11-03,338900,1,11,
Product_1286,Category_019,2014-11-10,580900,2,11,
Product_1286,Category_019,2014-11-17,491300,3,11,
Product_1286,Category_019,2014-11-24,262800,4,11,
Product_1286,Category_019,2014-12-01,529600,1,12,
Product_1286,Category_019,2014-12-08,405300,2,12,
Product_1286,Category_019,2014-12-15,389500,3,12,
Product_1286,Category_019,2014-12-22,465500,4,12,
Product_1286,Category_019,2014-12-29,268800,5,12,
Product_1286,Category_019,2015-01-05,88000,1,1,
Product_1286,Category_019,2015-01-12,449000,2,1,
Product_1286,Category_019,2015-01-19,607500,3,1,
Product_1286,Category_019,2015-01-26,543700,4,1,
Product_1286,Category_019,2015-02-02,506300,1,2,
Product_1286,Category_019,2015-02-09,417300,2,2,
Product_1286,Category_019,2015-02-16,328600,3,2,
Product_1286,Category_019,2015-02-23,441700,4,2,
Product_1286,Category_019,2015-03-02,399500,1,3,
Product_1286,Category_019,2015-03-09,372900,2,3,
Product_1286,Category_019,2015-03-16,592900,3,3,
Product_1286,Category_019,2015-03-23,320000,4,3,
Product_1286,Category_019,2015-03-30,506500,5,3,
Product_1286,Category_019,2015-04-06,583500,1,4,
Product_1286,Category_019,2015-04-13,354700,2,4,
Product_1286,Category_019,2015-04-20,318800,3,4,
Product_1286,Category_019,2015-04-27,793700,4,4,
Product_1286,Category_019,2015-05-04,226000,1,5,
Product_1286,Category_019,2015-05-11,242800,2,5,
Product_1286,Category_019,2015-05-18,316100,3,5,
Product_1286,Category_019,2015-05-25,450800,4,5,
Product_1286,Category_019,2015-06-01,284500,1,6,
Product_1286,Category_019,2015-06-08,457100,2,6,
Product_1286,Category_019,2015-06-15,246600,3,6,
Product_1286,Category_019,2015-06-22,448400,4,6,
Product_1286,Category_019,2015-06-29,334800,5,6,
Product_1286,Category_019,2015-07-06,599200,1,7,
Product_1286,Category_019,2015-07-13,458200,2,7,
Product_1286,Category_019,2015-07-20,780300,3,7,
Product_1286,Category_019,2015-07-27,544600,4,7,
Product_1286,Category_019,2015-08-03,869100,1,8,
Product_1286,Category_019,2015-08-10,410000,2,8,
Product_1286,Category_019,2015-08-17,203300,3,8,
Product_1286,Category_019,2015-08-24,296700,4,8,
Product_1286,Category_019,2015-08-31,257100,5,8,
Product_1286,Category_019,2015-09-07,559600,1,9,
Product_1286,Category_019,2015-09-14,383800,2,9,
Product_1286,Category_019,2015-09-21,232000,3,9,
Product_1286,Category_019,2015-09-28,203600,4,9,
Product_1286,Category_019,2015-10-05,659600,1,10,
Product_1286,Category_019,2015-10-12,294100,2,10,
Product_1286,Category_019,2015-10-19,414500,3,10,
Product_1286,Category_019,2015-10-26,499500,4,10,
Product_1286,Category_019,2015-11-02,391800,1,11,
Product_1286,Category_019,2015-11-09,336300,2,11,
Product_1286,Category_019,2015-11-16,307000,3,11,
Product_1286,Category_019,2015-11-23,262100,4,11,
Product_1286,Category_019,2015-11-30,541600,5,11,
Product_1286,Category_019,2015-12-07,592300,1,12,
Product_1286,Category_019,2015-12-14,717000,2,12,
Product_1286,Category_019,2015-12-21,392600,3,12,
Product_1286,Category_019,2015-12-28,387900,4,12,
Product_1286,Category_019,2016-01-04,0,1,1,134982.0
Product_1286,Category_019,2016-01-11,364300,2,1,325750.0
Product_1286,Category_019,2016-01-18,561800,3,1,500778.0
Product_1286,Category_019,2016-01-25,368600,4,1,567964.0
Product_1286,Category_019,2016-02-01,455700,1,2,570015.0
Product_1286,Category_019,2016-02-08,401900,2,2,479491.0
Product_1286,Category_019,2016-02-15,371700,3,2,428504.0
Product_1286,Category_019,2016-02-22,445300,4,2,432992.0
Product_1286,Category_019,2016-02-29,285300,5,2,448570.0
Product_1286,Category_019,2016-03-07,437700,1,3,490043.0
Product_1286,Category_019,2016-03-14,306700,2,3,460631.0
Product_1286,Category_019,2016-03-21,326100,3,3,453485.0
Product_1286,Category_019,2016-03-28,580800,4,3,477211.0
Product_1286,Category_019,2016-04-04,428500,1,4,543370.0
Product_1286,Category_019,2016-04-11,445900,2,4,507116.0
Product_1286,Category_019,2016-04-18,437000,3,4,426272.0
Product_1286,Category_019,2016-04-25,593400,4,4,353142.0
Product_1286,Category_019,2016-05-02,323300,1,5,380105.0
Product_1286,Category_019,2016-05-09,225700,2,5,392933.0
Product_1286,Category_019,2016-05-16,312100,3,5,397411.0
Product_1286,Category_019,2016-05-23,360300,4,5,371258.0
Product_1286,Category_019,2016-05-30,311000,5,5,339462.0
Product_1286,Category_019,2016-06-06,443700,1,6,393931.0
Product_1286,Category_019,2016-06-13,429800,2,6,427849.0
Product_1286,Category_019,2016-06-20,207900,3,6,457350.0
Product_1286,Category_019,2016-06-27,445700,4,6,450071.0
Product_1286,Category_019,2016-07-04,420400,1,7,468787.0
Product_1286,Category_019,2016-07-11,395100,2,7,452328.0
Product_1286,Category_019,2016-07-18,338500,3,7,471539.0
Product_1286,Category_019,2016-07-25,505600,4,7,498216.0
Product_1286,Category_019,2016-08-01,400800,1,8,535144.0
Product_1286,Category_019,2016-08-08,443800,2,8,463312.0
Product_1286,Category_019,2016-08-15,148400,3,8,367781.0
Product_1286,Category_019,2016-08-22,469300,4,8,302623.0
Product_1286,Category_019,2016-08-29,306200,5,8,295280.0
Product_1286,Category_019,2016-09-05,391700,1,9,383411.0
Product_1286,Category_019,2016-09-12,461000,2,9,420244.0
Product_1286,Category_019,2016-09-19,418400,3,9,433647.0
Product_1286,Category_019,2016-09-26,483500,4,9,424584.0
Product_1286,Category_019,2016-10-03,640000,1,10,462361.0
Product_1286,Category_019,2016-10-10,226500,2,10,460098.0
Product_1286,Category_019,2016-10-17,399100,3,10,467826.0
Product_1286,Category_019,2016-10-24,373600,4,10,470014.0
Product_1286,Category_019,2016-10-31,307000,5,10,451686.0
Product_1286,Category_019,2016-11-07,471200,1,11,469975.0
Product_1286,Category_019,2016-11-14,579300,2,11,440359.0
Product_1286,Category_019,2016-11-21,409800,3,11,441476.0
Product_1286,Category_019,2016-11-28,466400,4,11,469831.0
Product_1286,Category_019,2016-12-05,344500,1,12,540412.0
Product_1286,Category_019,2016-12-12,450500,2,12,517278.0
Product_1286,Category_019,2016-12-19,565100,3,12,465761.0
Product_1286,Category_019,2016-12-26,467200,4,12,452573.0
Product_1286,Category_019,2017-01-02,77000,1,1,129016.0
Product_1295,Category_019,2012-01-09,180800,2,1,
Product_1295,Category_019,2012-01-16,348600,3,1,
Product_1295,Category_019,2012-01-23,511300,4,1,
Product_1295,Category_019,2012-01-30,281100,5,1,
Product_1295,Category_019,2012-02-06,202400,1,2,
Product_1295,Category_019,2012-02-13,470000,2,2,
Product_1295,Category_019,2012-02-20,368800,3,2,
Product_1295,Category_019,2012-02-27,330400,4,2,
Product_1295,Category_019,2012-03-05,723600,1,3,
Product_1295,Category_019,2012-03-12,704600,2,3,
Product_1295,Category_019,2012-03-19,489700,3,3,
Product_1295,Category_019,2012-03-26,496100,4,3,
Product_1295,Category_019,2012-04-02,429400,1,4,
Product_1295,Category_019,2012-04-09,525700,2,4,
Product_1295,Category_019,2012-04-16,312200,3,4,
Product_1295,Category_019,2012-04-23,522300,4,4,
Product_1295,Category_019,2012-04-30,335200,5,4,
Product_1295,Category_019,2012-05-07,272100,1,5,
Product_1295,Category_019,2012-05-14,306400,2,5,
Product_1295,Category_019,2012-05-21,317300,3,5,
Product_1295,Category_019,2012-05-28,243600,4,5,
Product_1295,Category_019,2012-06-04,385500,1,6,
Product_1295,Category_019,2012-06-11,363000,2,6,
Product_1295,Category_019,2012-06-18,440100,3,6,
Product_1295,Category_019,2012-06-25,414000,4,6,
Product_1295,Category_019,2012-07-02,346900,1,7,
Product_1295,Category_019,2012-07-09,354900,2,7,
Product_1295,Category_019,2012-07-16,236500,3,7,
Product_1295,Category_019,2012-07-23,336200,4,7,
Product_1295,Category_019,2012-07-30,256000,5,7,
Product_1295,Category_019,2012-08-06,487400,1,8,
Product_1295,Category_019,2012-08-13,298600,2,8,
Product_1295,Category_019,2012-08-20,185800,3,8,
Product_1295,Category_019,2012-08-27,278200,4,8,
Product_1295,Category_019,2012-09-03,363000,1,9,
Product_1295,Category_019,2012-09-10,414100,2,9,
Product_1295,Category_019,2012-09-17,272800,3,9,
Product_1295,Category_019,2012-09-24,360400,4,9,
Product_1295,Category_019,2012-10-01,421200,1,10,
Product_1295,Category_019,2012-10-08,359700,2,10,
Product_1295,Category_019,2012-10-15,482600,3,10,
Product_1295,Category_019,2012-10-22,439200,4,10,
Product_1295,Category_019,2012-10-29,198900,5,10,
Product_1295,Category_019,2012-11-05,534700,1,11,
Product_1295,Category_019,2012-11-12,400000,2,11,
Product_1295,Category_019,2012-11-19,400400,3,11,
Product_1295,Category_019,2012-11-26,318000,4,11,
Product_1295,Category_019,2012-12-03,537300,1,12,
Product_1295,Category_019,2012-12-10,471100,2,12,
Product_1295,Category_019,2012-12-17,575700,3,12,
Product_1295,Category_019,2012-12-24,313000,4,12,
Product_1295,Category_019,2012-12-31,293800,5,12,
Product_1295,Category_019,2013-01-07,91000,1,1,
Product_1295,Category_019,2013-01-14,406800,2,1,
Product_1295,Category_019,2013-01-21,518300,3,1,
Product_1295,Category_019,2013-01-28,364800,4,1,
Product_1295,Category_019,2013-02-04,683500,1,2,
Product_1295,Category_019,2013-02-11,475800,2,2,
Product_1295,Category_019,2013-02-18,503800,3,2,
Product_1295,Category_019,2013-02-25,378300,4,2,
Product_1295,Category_019,2013-03-04,578400,1,3,
Product_1295,Category_019,2013-03-11,619500,2,3,
Product_1295,Category_019,2013-03-18,485800,3,3,
Product_1295,Category_019,2013-03-25,461200,4,3,
Product_1295,Category_019,2013-04-01,749600,1,4,
Product_1295,Category_019,2013-04-08,351700,2,4,
Product_1295,Category_019,2013-04-15,456700,3,4,
Product_1295,Category_019,2013-04-22,378200,4,4,
Product_1295,Category_019,2013-04-29,235500,5,4,
Product_1295,Category_019,2013-05-06,271300,1,5,
Product_1295,Category_019,2013-05-13,579300,2,5,
Product_1295,Category_019,2013-05-20,415000,3,5,
Product_1295,Category_019,2013-05-27,338500,4,5,
Product_1295,Category_019,2013-06-03,403700,1,6,
Product_1295,Category_019,2013-06-10,413900,2,6,
Product_1295,Category_019,2013-06-17,257500,3,6,
Product_1295,Category_019,2013-06-24,734500,4,6,
Product_1295,Category_019,2013-07-01,498700,1,7,
Product_1295,Category_019,2013-07-08,625800,2,7,
Product_1295,Category_019,2013-07-15,210200,3,7,
Product_1295,Category_019,2013-07-22,396300,4,7,
Product_1295,Category_019,2013-07-29,499200,5,7,
Product_1295,Category_019,2013-08-05,533000,1,8,
Product_1295,Category_019,2013-08-12,427000,2,8,
Product_1295,Category_019,2013-08-19,192300,3,8,
Product_1295,Category_019,2013-08-26,416100,4,8,
Product_1295,Category_019,2013-09-02,411600,1,9,
Product_1295,Category_019,2013-09-09,396400,2,9,
Product_1295,Category_019,2013-09-16,232000,3,9,
Product_1295,Category_019,2013-09-23,154700,4,9,
Product_1295,Category_019,2013-09-30,637200,5,9,
Product_1295,Category_019,2013-10-07,487600,1,10,
Product_1295,Category_019,2013-10-14,322500,2,10,
Product_1295,Category_019,2013-10-21,529800,3,10,
Product_1295,Category_019,2013-10-28,709800,4,10,
Product_1295,Category_019,2013-11-04,445500,1,11,
Product_1295,Category_019,2013-11-11,699200,2,11,
Product_1295,Category_019,2013-11-18,505800,3,11,
Product_1295,Category_019,2013-11-25,591400,4,11,
Product_1295,Category_019,2013-12-02,454900,1,12,
Product_1295,Category_019,2013-12-09,445200,2,12,
Product_1295,Category_019,2013-12-16,508500,3,12,
Product_1295,Category_019,2013-12-23,587700,4,12,
Product_1295,Category_019,2013-12-30,361900,5,12,
Product_1295,Category_019,2014-01-06,63500,1,1,
Product_1295,Category_019,2014-01-13,591800,2,1,
Product_1295,Category_019,2014-01-20,804700,3,1,
Product_1295,Category_019,2014-01-27,454900,4,1,
Product_1295,Category_019,2014-02-03,450600,1,2,
Product_1295,Category_019,2014-02-10,544100,2,2,
Product_1295,Category_019,2014-02-17,489200,3,2,
Product_1295,Category_019,2014-02-24,580800,4,2,
Product_1295,Category_019,2014-03-03,587700,1,3,
Product_1295,Category_019,2014-03-10,384300,2,3,
Product_1295,Category_019,2014-03-17,907600,3,3,
Product_1295,Category_019,2014-03-24,384000,4,3,
Product_1295,Category_019,2014-03-31,973300,5,3,
Product_1295,Category_019,2014-04-07,627000,1,4,
Product_1295,Category_019,2014-04-14,227700,2,4,
Product_1295,Category_019,2014-04-21,564800,3,4,
Product_1295,Category_019,2014-04-28,532900,4,4,
Product_1295,Category_019,2014-05-05,333500,1,5,
Product_1295,Category_019,2014-05-12,407100,2,5,
Product_1295,Category_019,2014-05-19,226700,3,5,
Product_1295,Category_019,2014-05-26,389900,4,5,
Product_1295,Category_019,2014-06-02,499600,1,6,
Product_1295,Category_019,2014-06-09,346500,2,6,
Product_1295,Category_019,2014-06-16,595800,3,6,
Product_1295,Category_019,2014-06-23,394900,4,6,
Product_1295,Category_019,2014-06-30,563700,5,6,
Product_1295,Category_019,2014-07-07,431600,1,7,
Product_1295,Category_019,2014-07-14,554000,2,7,
Product_1295,Category_019,2014-07-21,348200,3,7,
Product_1295,Category_019,2014-07-28,470000,4,7,
Product_1295,Category_019,2014-08-04,637400,1,8,
Product_1295,Category_019,2014-08-11,529900,2,8,
Product_1295,Category_019,2014-08-18,121500,3,8,
Product_1295,Category_019,2014-08-25,604000,4,8,
Product_1295,Category_019,2014-09-01,415700,1,9,
Product_1295,Category_019,2014-09-08,486100,2,9,
Product_1295,Category_019,2014-09-15,674500,3,9,
Product_1295,Category_019,2014-09-22,1336700,4,9,
Product_1295,Category_019,2014-09-29,274300,5,9,
Product_1295,Category_019,2014-10-06,750600,1,10,
Product_1295,Category_019,2014-10-13,360100,2,10,
Product_1295,Category_019,2014-10-20,672200,3,10,
Product_1295,Category_019,2014-10-27,422100,4,10,
Product_1295,Category_019,2014-11-03,516400,1,11,
Product_1295,Category_019,2014-11-10,786100,2,11,
Product_1295,Category_019,2014-11-17,637400,3,11,
Product_1295,Category_019,2014-11-24,434700,4,11,
Product_1295,Category_019,2014-12-01,821600,1,12,
Product_1295,Category_019,2014-12-08,684700,2,12,
Product_1295,Category_019,2014-12-15,394100,3,12,
Product_1295,Category_019,2014-12-22,688400,4,12,
Product_1295,Category_019,2014-12-29,227600,5,12,
Product_1295,Category_019,2015-01-05,62600,1,1,
Product_1295,Category_019,2015-01-12,247400,2,1,
Product_1295,Category_019,2015-01-19,1000300,3,1,
Product_1295,Category_019,2015-01-26,551500,4,1,
Product_1295,Category_019,2015-02-02,543400,1,2,
Product_1295,Category_019,2015-02-09,483100,2,2,
Product_1295,Category_019,2015-02-16,607700,3,2,
Product_1295,Category_019,2015-02-23,512700,4,2,
Product_1295,Category_019,2015-03-02,646200,1,3,
Product_1295,Category_019,2015-03-09,505900,2,3,
Product_1295,Category_019,2015-03-16,502100,3,3,
Product_1295,Category_019,2015-03-23,524000,4,3,
Product_1295,Category_019,2015-03-30,441000,5,3,
Product_1295,Category_019,2015-04-06,679200,1,4,
Product_1295,Category_019,2015-04-13,515000,2,4,
Product_1295,Category_019,2015-04-20,574200,3,4,
Product_1295,Category_019,2015-04-27,534600,4,4,
Product_1295,Category_019,2015-05-04,375000,1,5,
Product_1295,Category_019,2015-05-11,432400,2,5,
Product_1295,Category_019,2015-05-18,583400,3,5,
Product_1295,Category_019,2015-05-25,406200,4,5,
Product_1295,Category_019,2015-06-01,431500,1,6,
Product_1295,Category_019,2015-06-08,305400,2,6,
Product_1295,Category_019,2015-06-15,617100,3,6,
Product_1295,Category_019,2015-06-22,512100,4,6,
Product_1295,Category_019,2015-06-29,415900,5,6,
Product_1295,Category_019,2015-07-06,680400,1,7,
Product_1295,Category_019,2015-07-13,415000,2,7,
Product_1295,Category_019,2015-07-20,658700,3,7,
Product_1295,Category_019,2015-07-27,621100,4,7,
Product_1295,Category_019,2015-08-03,934100,1,8,
Product_1295,Category_019,2015-08-10,669700,2,8,
Product_1295,Category_019,2015-08-17,241700,3,8,
Product_1295,Category_019,2015-08-24,442800,4,8,
Product_1295,Category_019,2015-08-31,359400,5,8,
Product_1295,Category_019,2015-09-07,437800,1,9,
Product_1295,Category_019,2015-09-14,527000,2,9,
Product_1295,Category_019,2015-09-21,381300,3,9,
Product_1295,Category_019,2015-09-28,357500,4,9,
Product_1295,Category_019,2015-10-05,605500,1,10,
Product_1295,Category_019,2015-10-12,250800,2,10,
Product_1295,Category_019,2015-10-19,650000,3,10,
Product_1295,Category_019,2015-10-26,527800,4,10,
Product_1295,Category_019,2015-11-02,510700,1,11,
Product_1295,Category_019,2015-11-09,358500,2,11,
Product_1295,Category_019,2015-11-16,499600,3,11,
Product_1295,Category_019,2015-11-23,369500,4,11,
Product_1295,Category_019,2015-11-30,613800,5,11,
Product_1295,Category_019,2015-12-07,500300,1,12,
Product_1295,Category_019,2015-12-14,603500,2,12,
Product_1295,Category_019,2015-12-21,582000,3,12,
Product_1295,Category_019,2015-12-28,433700,4,12,
Product_1295,Category_019,2016-01-04,0,1,1,166373.0
Product_1295,Category_019,2016-01-11,388400,2,1,395502.0
Product_1295,Category_019,2016-01-18,743300,3,1,605849.0
Product_1295,Category_019,2016-01-25,525500,4,1,676510.0
Product_1295,Category_019,2016-02-01,457300,1,2,672747.0
Product_1295,Category_019,2016-02-08,347900,2,2,564331.0
Product_1295,Category_019,2016-02-15,649300,3,2,528372.0
Product_1295,Category_019,2016-02-22,300000,4,2,577089.0
Product_1295,Category_019,2016-02-29,377700,5,2,637370.0
Product_1295,Category_019,2016-03-07,1076900,1,3,719495.0
Product_1295,Category_019,2016-03-14,336800,2,3,680118.0
Product_1295,Category_019,2016-03-21,328600,3,3,647503.0
Product_1295,Category_019,2016-03-28,458700,4,3,643747.0
Product_1295,Category_019,2016-04-04,625700,1,4,702658.0
Product_1295,Category_019,2016-04-11,543700,2,4,645002.0
Product_1295,Category_019,2016-04-18,707600,3,4,550203.0
Product_1295,Category_019,2016-04-25,760500,4,4,473643.0
Product_1295,Category_019,2016-05-02,374800,1,5,519661.0
Product_1295,Category_019,2016-05-09,243000,2,5,525840.0
Product_1295,Category_019,2016-05-16,516600,3,5,509278.0
Product_1295,Category_019,2016-05-23,535200,4,5,457937.0
Product_1295,Category_019,2016-05-30,389800,5,5,416459.0
Product_1295,Category_019,2016-06-06,403600,1,6,507507.0
Product_1295,Category_019,2016-06-13,614900,2,6,568424.0
Product_1295,Category_019,2016-06-20,348500,3,6,611068.0
Product_1295,Category_019,2016-06-27,378200,4,6,587290.0
Product_1295,Category_019,2016-07-04,847200,1,7,585841.0
Product_1295,Category_019,2016-07-11,422600,2,7,535173.0
Product_1295,Category_019,2016-07-18,379400,3,7,544549.0
Product_1295,Category_019,2016-07-25,555500,4,7,586572.0
Product_1295,Category_019,2016-08-01,540600,1,8,664595.0
Product_1295,Category_019,2016-08-08,556700,2,8,604779.0
Product_1295,Category_019,2016-08-15,156000,3,8,503513.0
Product_1295,Category_019,2016-08-22,535500,4,8,424962.0
Product_1295,Category_019,2016-08-29,404700,5,8,412914.0
Product_1295,Category_019,2016-09-05,514200,1,9,533746.0
Product_1295,Category_019,2016-09-12,275900,2,9,588134.0
Product_1295,Category_019,2016-09-19,427800,3,9,605950.0
Product_1295,Category_019,2016-09-26,509000,4,9,576618.0
Product_1295,Category_019,2016-10-03,837900,1,10,596208.0
Product_1295,Category_019,2016-10-10,420900,2,10,566507.0
Product_1295,Category_019,2016-10-17,489200,3,10,573360.0
Product_1295,Category_019,2016-10-24,522300,4,10,596626.0
Product_1295,Category_019,2016-10-31,617200,5,10,598871.0
Product_1295,Category_019,2016-11-07,414700,1,11,640840.0
Product_1295,Category_019,2016-11-14,552600,2,11,598550.0
Product_1295,Category_019,2016-11-21,781600,3,11,589330.0
Product_1295,Category_019,2016-11-28,403500,4,11,617729.0
Product_1295,Category_019,2016-12-05,715100,1,12,703686.0
Product_1295,Category_019,2016-12-12,697100,2,12,657297.0
Product_1295,Category_019,2016-12-19,535900,3,12,562863.0
Product_1295,Category_019,2016-12-26,881000,4,12,513951.0
Product_1295,Category_019,2017-01-02,84300,1,1,174991.0
Product_1359,Category_019,2012-01-09,1378000,2,1,
Product_1359,Category_019,2012-01-16,2278000,3,1,
Product_1359,Category_019,2012-01-23,1388000,4,1,
Product_1359,Category_019,2012-01-30,2468000,5,1,
Product_1359,Category_019,2012-02-06,3090000,1,2,
Product_1359,Category_019,2012-02-13,2591000,2,2,
Product_1359,Category_019,2012-02-20,1543000,3,2,
Product_1359,Category_019,2012-02-27,1694000,4,2,
Product_1359,Category_019,2012-03-05,2558000,1,3,
Product_1359,Category_019,2012-03-12,1794000,2,3,
Product_1359,Category_019,2012-03-19,1463000,3,3,
Product_1359,Category_019,2012-03-26,1336000,4,3,
Product_1359,Category_019,2012-04-02,1799000,1,4,
Product_1359,Category_019,2012-04-09,2028000,2,4,
Product_1359,Category_019,2012-04-16,1741000,3,4,
Product_1359,Category_019,2012-04-23,1798000,4,4,
Product_1359,Category_019,2012-04-30,2830000,5,4,
Product_1359,Category_019,2012-05-07,1766000,1,5,
Product_1359,Category_019,2012-05-14,1841000,2,5,
Product_1359,Category_019,2012-05-21,1835000,3,5,
Product_1359,Category_019,2012-05-28,1798000,4,5,
Product_1359,Category_019,2012-06-04,1772000,1,6,
Product_1359,Category_019,2012-06-11,2147000,2,6,
Product_1359,Category_019,2012-06-18,1772000,3,6,
Product_1359,Category_019,2012-06-25,1141000,4,6,
Product_1359,Category_019,2012-07-02,1588000,1,7,
Product_1359,Category_019,2012-07-09,1529000,2,7,
Product_1359,Category_019,2012-07-16,1584000,3,7,
Product_1359,Category_019,2012-07-23,2056000,4,7,
Product_1359,Category_019,2012-07-30,1011000,5,7,
Product_1359,Category_019,2012-08-06,1716000,1,8,
Product_1359,Category_019,2012-08-13,928000,2,8,
Product_1359,Category_019,2012-08-20,602000,3,8,
Product_1359,Category_019,2012-08-27,2479000,4,8,
Product_1359,Category_019,2012-09-03,2003000,1,9,
Product_1359,Category_019,2012-09-10,2485000,2,9,
Product_1359,Category_019,2012-09-17,2135000,3,9,
Product_1359,Category_019,2012-09-24,1594000,4,9,
Product_1359,Category_019,2012-10-01,1960000,1,10,
Product_1359,Category_019,2012-10-08,1389000,2,10,
Product_1359,Category_019,2012-10-15,2077000,3,10,
Product_1359,Category_019,2012-10-22,1647000,4,10,
Product_1359,Category_019,2012-10-29,1478000,5,10,
Product_1359,Category_019,2012-11-05,1848000,1,11,
Product_1359,Category_019,2012-11-12,2479000,2,11,
Product_1359,Category_019,2012-11-19,1632000,3,11,
Product_1359,Category_019,2012-11-26,1188000,4,11,
Product_1359,Category_019,2012-12-03,2297000,1,12,
Product_1359,Category_019,2012-12-10,2029000,2,12,
Product_1359,Category_019,2012-12-17,2658000,3,12,
Product_1359,Category_019,2012-12-24,1497000,4,12,
Product_1359,Category_019,2012-12-31,1389000,5,12,
Product_1359,Category_019,2013-01-07,459000,1,1,
Product_1359,Category_019,2013-01-14,1481000,2,1,
Product_1359,Category_019,2013-01-21,4007000,3,1,
Product_1359,Category_019,2013-01-28,1949000,4,1,
Product_1359,Category_019,2013-02-04,3989000,1,2,
Product_1359,Category_019,2013-02-11,1425000,2,2,
Product_1359,Category_019,2013-02-18,1528000,3,2,
Product_1359,Category_019,2013-02-25,1450000,4,2,
Product_1359,Category_019,2013-03-04,2130000,1,3,
Product_1359,Category_019,2013-03-11,2886000,2,3,
Product_1359,Category_019,2013-03-18,1277000,3,3,
Product_1359,Category_019,2013-03-25,1716000,4,3,
Product_1359,Category_019,2013-04-01,2411000,1,4,
Product_1359,Category_019,2013-04-08,2321000,2,4,
Product_1359,Category_019,2013-04-15,1681000,3,4,
Product_1359,Category_019,2013-04-22,1568000,4,4,
Product_1359,Category_019,2013-04-29,849000,5,4,
Product_1359,Category_019,2013-05-06,1316000,1,5,
Product_1359,Category_019,2013-05-13,2394000,2,5,
Product_1359,Category_019,2013-05-20,1372000,3,5,
Product_1359,Category_019,2013-05-27,1542000,4,5,
Product_1359,Category_019,2013-06-03,2414000,1,6,
Product_1359,Category_019,2013-06-10,2616000,2,6,
Product_1359,Category_019,2013-06-17,1631000,3,6,
Product_1359,Category_019,2013-06-24,1770000,4,6,
Product_1359,Category_019,2013-07-01,2305000,1,7,
Product_1359,Category_019,2013-07-08,1565000,2,7,
Product_1359,Category_019,2013-07-15,1555000,3,7,
Product_1359,Category_019,2013-07-22,1389000,4,7,
Product_1359,Category_019,2013-07-29,1794000,5,7,
Product_1359,Category_019,2013-08-05,3438000,1,8,
Product_1359,Category_019,2013-08-12,1398000,2,8,
Product_1359,Category_019,2013-08-19,343000,3,8,
Product_1359,Category_019,2013-08-26,2947000,4,8,
Product_1359,Category_019,2013-09-02,1966000,1,9,
Product_1359,Category_019,2013-09-09,1724000,2,9,
Product_1359,Category_019,2013-09-16,1022000,3,9,
Product_1359,Category_019,2013-09-23,1610000,4,9,
Product_1359,Category_019,2013-09-30,2630000,5,9,
Product_1359,Category_019,2013-10-07,2057000,1,10,
Product_1359,Category_019,2013-10-14,3351000,2,10,
Product_1359,Category_019,2013-10-21,1347000,3,10,
Product_1359,Category_019,2013-10-28,1607000,4,10,
Product_1359,Category_019,2013-11-04,2883000,1,11,
Product_1359,Category_019,2013-11-11,2309000,2,11,
Product_1359,Category_019,2013-11-18,2990000,3,11,
Product_1359,Category_019,2013-11-25,1866000,4,11,
Product_1359,Category_019,2013-12-02,2310000,1,12,
Product_1359,Category_019,2013-12-09,2375000,2,12,
Product_1359,Category_019,2013-12-16,2964000,3,12,
Product_1359,Category_019,2013-12-23,1536000,4,12,
Product_1359,Category_019,2013-12-30,1229000,5,12,
Product_1359,Category_019,2014-01-06,523000,1,1,
Product_1359,Category_019,2014-01-13,1569000,2,1,
Product_1359,Category_019,2014-01-20,2365000,3,1,
Product_1359,Category_019,2014-01-27,1856000,4,1,
Product_1359,Category_019,2014-02-03,2890000,1,2,
Product_1359,Category_019,2014-02-10,2580000,2,2,
Product_1359,Category_019,2014-02-17,1191000,3,2,
Product_1359,Category_019,2014-02-24,1639000,4,2,
Product_1359,Category_019,2014-03-03,1871000,1,3,
Product_1359,Category_019,2014-03-10,2356000,2,3,
Product_1359,Category_019,2014-03-17,1765000,3,3,
Product_1359,Category_019,2014-03-24,2675000,4,3,
Product_1359,Category_019,2014-03-31,1515000,5,3,
Product_1359,Category_019,2014-04-07,1945000,1,4,
Product_1359,Category_019,2014-04-14,1450000,2,4,
Product_1359,Category_019,2014-04-21,2292000,3,4,
Product_1359,Category_019,2014-04-28,1939000,4,4,
Product_1359,Category_019,2014-05-05,934000,1,5,
Product_1359,Category_019,2014-05-12,1757000,2,5,
Product_1359,Category_019,2014-05-19,2944000,3,5,
Product_1359,Category_019,2014-05-26,2066000,4,5,
Product_1359,Category_019,2014-06-02,1394000,1,6,
Product_1359,Category_019,2014-06-09,1468000,2,6,
Product_1359,Category_019,2014-06-16,1015000,3,6,
Product_1359,Category_019,2014-06-23,1649000,4,6,
Product_1359,Category_019,2014-06-30,2596000,5,6,
Product_1359,Category_019,2014-07-07,1738000,1,7,
Product_1359,Category_019,2014-07-14,891000,2,7,
Product_1359,Category_019,2014-07-21,2160000,3,7,
Product_1359,Category_019,2014-07-28,2386000,4,7,
Product_1359,Category_019,2014-08-04,3328000,1,8,
Product_1359,Category_019,2014-08-11,1046000,2,8,
Product_1359,Category_019,2014-08-18,342000,3,8,
Product_1359,Category_019,2014-08-25,1279000,4,8,
Product_1359,Category_019,2014-09-01,2022000,1,9,
Product_1359,Category_019,2014-09-08,2675000,2,9,
Product_1359,Category_019,2014-09-15,806000,3,9,
Product_1359,Category_019,2014-09-22,2534000,4,9,
Product_1359,Category_019,2014-09-29,803000,5,9,
Product_1359,Category_019,2014-10-06,2233000,1,10,
Product_1359,Category_019,2014-10-13,2028000,2,10,
Product_1359,Category_019,2014-10-20,1878000,3,10,
Product_1359,Category_019,2014-10-27,2745000,4,10,
Product_1359,Category_019,2014-11-03,1479000,1,11,
Product_1359,Category_019,2014-11-10,2345000,2,11,
Product_1359,Category_019,2014-11-17,1745000,3,11,
Product_1359,Category_019,2014-11-24,2080000,4,11,
Product_1359,Category_019,2014-12-01,2473000,1,12,
Product_1359,Category_019,2014-12-08,1410000,2,12,
Product_1359,Category_019,2014-12-15,1481000,3,12,
Product_1359,Category_019,2014-12-22,2448000,4,12,
Product_1359,Category_019,2014-12-29,522000,5,12,
Product_1359,Category_019,2015-01-05,631000,1,1,
Product_1359,Category_019,2015-01-12,1868000,2,1,
Product_1359,Category_019,2015-01-19,3732000,3,1,
Product_1359,Category_019,2015-01-26,2094000,4,1,
Product_1359,Category_019,2015-02-02,1894000,1,2,
Product_1359,Category_019,2015-02-09,1725000,2,2,
Product_1359,Category_019,2015-02-16,900000,3,2,
Product_1359,Category_019,2015-02-23,1497000,4,2,
Product_1359,Category_019,2015-03-02,1576000,1,3,
Product_1359,Category_019,2015-03-09,1754000,2,3,
Product_1359,Category_019,2015-03-16,1675000,3,3,
Product_1359,Category_019,2015-03-23,1152000,4,3,
Product_1359,Category_019,2015-03-30,2237000,5,3,
Product_1359,Category_019,2015-04-06,2090000,1,4,
Product_1359,Category_019,2015-04-13,2502000,2,4,
Product_1359,Category_019,2015-04-20,1198000,3,4,
Product_1359,Category_019,2015-04-27,3132000,4,4,
Product_1359,Category_019,2015-05-04,1077000,1,5,
Product_1359,Category_019,2015-05-11,2137000,2,5,
Product_1359,Category_019,2015-05-18,1654000,3,5,
Product_1359,Category_019,2015-05-25,1079000,4,5,
Product_1359,Category_019,2015-06-01,2287000,1,6,
Product_1359,Category_019,2015-06-08,1529000,2,6,
Product_1359,Category_019,2015-06-15,2337000,3,6,
Product_1359,Category_019,2015-06-22,984000,4,6,
Product_1359,Category_019,2015-06-29,2204000,5,6,
Product_1359,Category_019,2015-07-06,3666000,1,7,
Product_1359,Category_019,2015-07-13,1119000,2,7,
Product_1359,Category_019,2015-07-20,1155000,3,7,
Product_1359,Category_019,2015-07-27,2251000,4,7,
Product_1359,Category_019,2015-08-03,1706000,1,8,
Product_1359,Category_019,2015-08-10,2664000,2,8,
Product_1359,Category_019,2015-08-17,597000,3,8,
Product_1359,Category_019,2015-08-24,1641000,4,8,
Product_1359,Category_019,2015-08-31,1200000,5,8,
Product_1359,Category_019,2015-09-07,2504000,1,9,
Product_1359,Category_019,2015-09-14,2796000,2,9,
Product_1359,Category_019,2015-09-21,995000,3,9,
Product_1359,Category_019,2015-09-28,744000,4,9,
Product_1359,Category_019,2015-10-05,2410000,1,10,
Product_1359,Category_019,2015-10-12,1262000,2,10,
Product_1359,Category_019,2015-10-19,1129000,3,10,
Product_1359,Category_019,2015-10-26,1840000,4,10,
Product_1359,Category_019,2015-11-02,2933000,1,11,
Product_1359,Category_019,2015-11-09,816000,2,11,
Product_1359,Category_019,2015-11-16,1480000,3,11,
Product_1359,Category_019,2015-11-23,3365000,4,11,
Product_1359,Category_019,2015-11-30,1061000,5,11,
Product_1359,Category_019,2015-12-07,1709000,1,12,
Product_1359,Category_019,2015-12-14,1471000,2,12,
Product_1359,Category_019,2015-12-21,2553000,3,12,
Product_1359,Category_019,2015-12-28,1070000,4,12,
Product_1359,Category_019,2016-01-04,0,1,1,1133299.0
Product_1359,Category_019,2016-01-11,2123000,2,1,1245462.0
Product_1359,Category_019,2016-01-18,1673000,3,1,1898301.0
Product_1359,Category_019,2016-01-25,1796000,4,1,2510322.0
Product_1359,Category_019,2016-02-01,2272000,1,2,2862255.0
Product_1359,Category_019,2016-02-08,2359000,2,2,2202819.0
Product_1359,Category_019,2016-02-15,1315000,3,2,1493379.0
Product_1359,Category_019,2016-02-22,1435000,4,2,1266952.0
Product_1359,Category_019,2016-02-29,1562000,5,2,1478676.0
Product_1359,Category_019,2016-03-07,2343000,1,3,2126085.0
Product_1359,Category_019,2016-03-14,1194000,2,3,1966730.0
Product_1359,Category_019,2016-03-21,1938000,3,3,1644453.0
Product_1359,Category_019,2016-03-28,1477000,4,3,1515278.0
Product_1359,Category_019,2016-04-04,1003000,1,4,2013761.0
Product_1359,Category_019,2016-04-11,2788000,2,4,2091716.0
Product_1359,Category_019,2016-04-18,1286000,3,4,1885747.0
Product_1359,Category_019,2016-04-25,1221000,4,4,1523713.0
Product_1359,Category_019,2016-05-02,733000,1,5,1703879.0
Product_1359,Category_019,2016-05-09,727000,2,5,1767981.0
Product_1359,Category_019,2016-05-16,2063000,3,5,1853099.0
Product_1359,Category_019,2016-05-23,1422000,4,5,1712511.0
Product_1359,Category_019,2016-05-30,2013000,5,5,1418747.0
Product_1359,Category_019,2016-06-06,1718000,1,6,1725556.0
Product_1359,Category_019,2016-06-13,2591000,2,6,1799705.0
Product_1359,Category_019,2016-06-20,1650000,3,6,1884402.0
Product_1359,Category_019,2016-06-27,1797000,4,6,1722063.0
Product_1359,Category_019,2016-07-04,1976000,1,7,1758466.0
Product_1359,Category_019,2016-07-11,1744000,2,7,1567534.0
Product_1359,Category_019,2016-07-18,1072000,3,7,1686597.0
Product_1359,Category_019,2016-07-25,1799000,4,7,1867178.0
Product_1359,Category_019,2016-08-01,1900000,1,8,2108749.0
Product_1359,Category_019,2016-08-08,1402000,2,8,1624091.0
Product_1359,Category_019,2016-08-15,288000,3,8,1179103.0
Product_1359,Category_019,2016-08-22,1673000,4,8,1148995.0
Product_1359,Category_019,2016-08-29,2112000,5,8,1464715.0
Product_1359,Category_019,2016-09-05,1923000,1,9,2169892.0
Product_1359,Category_019,2016-09-12,1236000,2,9,2034252.0
Product_1359,Category_019,2016-09-19,1531000,3,9,1668605.0
Product_1359,Category_019,2016-09-26,1063000,4,9,1428513.0
Product_1359,Category_019,2016-10-03,2477000,1,10,1829706.0
Product_1359,Category_019,2016-10-10,1077000,2,10,1928642.0
Product_1359,Category_019,2016-10-17,3327000,3,10,1881191.0
Product_1359,Category_019,2016-10-24,1511000,4,10,1714328.0
Product_1359,Category_019,2016-10-31,1275000,5,10,1615884.0
Product_1359,Category_019,2016-11-07,2856000,1,11,2111194.0
Product_1359,Category_019,2016-11-14,2410000,2,11,2111445.0
Product_1359,Category_019,2016-11-21,1349000,3,11,1963605.0
Product_1359,Category_019,2016-11-28,1699000,4,11,1767075.0
Product_1359,Category_019,2016-12-05,1297000,1,12,2071152.0
Product_1359,Category_019,2016-12-12,1502000,2,12,2071356.0
Product_1359,Category_019,2016-12-19,2046000,3,12,1876424.0
Product_1359,Category_019,2016-12-26,1078000,4,12,1372293.0
Product_1359,Category_019,2017-01-02,230000,1,1,1134580.0
Product_1378,Category_019,2012-01-09,301500,2,1,
Product_1378,Category_019,2012-01-16,197200,3,1,
Product_1378,Category_019,2012-01-23,486800,4,1,
Product_1378,Category_019,2012-01-30,222100,5,1,
Product_1378,Category_019,2012-02-06,172200,1,2,
Product_1378,Category_019,2012-02-13,196100,2,2,
Product_1378,Category_019,2012-02-20,351300,3,2,
Product_1378,Category_019,2012-02-27,245600,4,2,
Product_1378,Category_019,2012-03-05,244200,1,3,
Product_1378,Category_019,2012-03-12,292200,2,3,
Product_1378,Category_019,2012-03-19,376600,3,3,
Product_1378,Category_019,2012-03-26,267300,4,3,
Product_1378,Category_019,2012-04-02,348900,1,4,
Product_1378,Category_019,2012-04-09,359300,2,4,
Product_1378,Category_019,2012-04-16,267800,3,4,
Product_1378,Category_019,2012-04-23,401400,4,4,
Product_1378,Category_019,2012-04-30,220900,5,4,
Product_1378,Category_019,2012-05-07,147200,1,5,
Product_1378,Category_019,2012-05-14,295100,2,5,
Product_1378,Category_019,2012-05-21,209800,3,5,
Product_1378,Category_019,2012-05-28,220800,4,5,
Product_1378,Category_019,2012-06-04,262300,1,6,
Product_1378,Category_019,2012-06-11,313600,2,6,
Product_1378,Category_019,2012-06-18,256000,3,6,
Product_1378,Category_019,2012-06-25,441800,4,6,
Product_1378,Category_019,2012-07-02,252600,1,7,
Product_1378,Category_019,2012-07-09,287200,2,7,
Product_1378,Category_019,2012-07-16,103700,3,7,
Product_1378,Category_019,2012-07-23,325400,4,7,
Product_1378,Category_019,2012-07-30,246600,5,7,
Product_1378,Category_019,2012-08-06,304700,1,8,
Product_1378,Category_019,2012-08-13,188400,2,8,
Product_1378,Category_019,2012-08-20,129800,3,8,
Product_1378,Category_019,2012-08-27,351100,4,8,
Product_1378,Category_019,2012-09-03,268400,1,9,
Product_1378,Category_019,2012-09-10,258400,2,9,
Product_1378,Category_019,2012-09-17,279600,3,9,
Product_1378,Category_019,2012-09-24,277900,4,9,
Product_1378,Category_019,2012-10-01,308600,1,10,
Product_1378,Category_019,2012-10-08,331000,2,10,
Product_1378,Category_019,2012-10-15,366900,3,10,
Product_1378,Category_019,2012-10-22,264600,4,10,
Product_1378,Category_019,2012-10-29,365700,5,10,
Product_1378,Category_019,2012-11-05,472300,1,11,
Product_1378,Category_019,2012-11-12,189800,2,11,
Product_1378,Category_019,2012-11-19,246100,3,11,
Product_1378,Category_019,2012-11-26,309400,4,11,
Product_1378,Category_019,2012-12-03,377200,1,12,
Product_1378,Category_019,2012-12-10,322700,2,12,
Product_1378,Category_019,2012-12-17,383600,3,12,
Product_1378,Category_019,2012-12-24,274400,4,12,
Product_1378,Category_019,2012-12-31,212200,5,12,
Product_1378,Category_019,2013-01-07,136300,1,1,
Product_1378,Category_019,2013-01-14,259400,2,1,
Product_1378,Category_019,2013-01-21,329400,3,1,
Product_1378,Category_019,2013-01-28,277800,4,1,
Product_1378,Category_019,2013-02-04,273600,1,2,
Product_1378,Category_019,2013-02-11,364500,2,2,
Product_1378,Category_019,2013-02-18,390600,3,2,
Product_1378,Category_019,2013-02-25,339100,4,2,
Product_1378,Category_019,2013-03-04,368600,1,3,
Product_1378,Category_019,2013-03-11,239700,2,3,
Product_1378,Category_019,2013-03-18,356100,3,3,
Product_1378,Category_019,2013-03-25,478000,4,3,
Product_1378,Category_019,2013-04-01,487300,1,4,
Product_1378,Category_019,2013-04-08,314500,2,4,
Product_1378,Category_019,2013-04-15,238700,3,4,
Product_1378,Category_019,2013-04-22,250200,4,4,
Product_1378,Category_019,2013-04-29,220300,5,4,
Product_1378,Category_019,2013-05-06,164800,1,5,
Product_1378,Category_019,2013-05-13,358000,2,5,
Product_1378,Category_019,2013-05-20,283600,3,5,
Product_1378,Category_019,2013-05-27,271000,4,5,
Product_1378,Category_019,2013-06-03,284700,1,6,
Product_1378,Category_019,2013-06-10,251100,2,6,
Product_1378,Category_019,2013-06-17,267000,3,6,
Product_1378,Category_019,2013-06-24,301700,4,6,
Product_1378,Category_019,2013-07-01,409000,1,7,
Product_1378,Category_019,2013-07-08,263300,2,7,
Product_1378,Category_019,2013-07-15,156800,3,7,
Product_1378,Category_019,2013-07-22,343600,4,7,
Product_1378,Category_019,2013-07-29,265100,5,7,
Product_1378,Category_019,2013-08-05,357300,1,8,
Product_1378,Category_019,2013-08-12,353300,2,8,
Product_1378,Category_019,2013-08-19,107000,3,8,
Product_1378,Category_019,2013-08-26,317900,4,8,
Product_1378,Category_019,2013-09-02,328300,1,9,
Product_1378,Category_019,2013-09-09,260000,2,9,
Product_1378,Category_019,2013-09-16,245600,3,9,
Product_1378,Category_019,2013-09-23,146500,4,9,
Product_1378,Category_019,2013-09-30,323600,5,9,
Product_1378,Category_019,2013-10-07,470900,1,10,
Product_1378,Category_019,2013-10-14,248400,2,10,
Product_1378,Category_019,2013-10-21,539500,3,10,
Product_1378,Category_019,2013-10-28,368500,4,10,
Product_1378,Category_019,2013-11-04,164400,1,11,
Product_1378,Category_019,2013-11-11,435700,2,11,
Product_1378,Category_019,2013-11-18,390000,3,11,
Product_1378,Category_019,2013-11-25,343500,4,11,
Product_1378,Category_019,2013-12-02,236900,1,12,
Product_1378,Category_019,2013-12-09,307600,2,12,
Product_1378,Category_019,2013-12-16,326600,3,12,
Product_1378,Category_019,2013-12-23,211100,4,12,
Product_1378,Category_019,2013-12-30,321300,5,12,
Product_1378,Category_019,2014-01-06,43200,1,1,
Product_1378,Category_019,2014-01-13,324500,2,1,
Product_1378,Category_019,2014-01-20,363800,3,1,
Product_1378,Category_019,2014-01-27,252800,4,1,
Product_1378,Category_019,2014-02-03,281800,1,2,
Product_1378,Category_019,2014-02-10,293300,2,2,
Product_1378,Category_019,2014-02-17,267800,3,2,
Product_1378,Category_019,2014-02-24,300200,4,2,
Product_1378,Category_019,2014-03-03,366000,1,3,
Product_1378,Category_019,2014-03-10,337900,2,3,
Product_1378,Category_019,2014-03-17,430500,3,3,
Product_1378,Category_019,2014-03-24,332700,4,3,
Product_1378,Category_019,2014-03-31,622000,5,3,
Product_1378,Category_019,2014-04-07,293300,1,4,
Product_1378,Category_019,2014-04-14,178800,2,4,
Product_1378,Category_019,2014-04-21,391000,3,4,
Product_1378,Category_019,2014-04-28,375700,4,4,
Product_1378,Category_019,2014-05-05,125000,1,5,
Product_1378,Category_019,2014-05-12,127000,2,5,
Product_1378,Category_019,2014-05-19,209800,3,5,
Product_1378,Category_019,2014-05-26,253100,4,5,
Product_1378,Category_019,2014-06-02,389700,1,6,
Product_1378,Category_019,2014-06-09,355400,2,6,
Product_1378,Category_019,2014-06-16,356100,3,6,
Product_1378,Category_019,2014-06-23,271600,4,6,
Product_1378,Category_019,2014-06-30,550900,5,6,
Product_1378,Category_019,2014-07-07,275600,1,7,
Product_1378,Category_019,2014-07-14,336600,2,7,
Product_1378,Category_019,2014-07-21,132100,3,7,
Product_1378,Category_019,2014-07-28,263900,4,7,
Product_1378,Category_019,2014-08-04,333100,1,8,
Product_1378,Category_019,2014-08-11,480800,2,8,
Product_1378,Category_019,2014-08-18,89600,3,8,
Product_1378,Category_019,2014-08-25,315100,4,8,
Product_1378,Category_019,2014-09-01,459500,1,9,
Product_1378,Category_019,2014-09-08,281100,2,9,
Product_1378,Category_019,2014-09-15,333800,3,9,
Product_1378,Category_019,2014-09-22,865000,4,9,
Product_1378,Category_019,2014-09-29,293200,5,9,
Product_1378,Category_019,2014-10-06,301500,1,10,
Product_1378,Category_019,2014-10-13,334600,2,10,
Product_1378,Category_019,2014-10-20,478500,3,10,
Product_1378,Category_019,2014-10-27,393100,4,10,
Product_1378,Category_019,2014-11-03,305200,1,11,
Product_1378,Category_019,2014-11-10,482200,2,11,
Product_1378,Category_019,2014-11-17,590700,3,11,
Product_1378,Category_019,2014-11-24,234600,4,11,
Product_1378,Category_019,2014-12-01,319600,1,12,
Product_1378,Category_019,2014-12-08,322700,2,12,
Product_1378,Category_019,2014-12-15,397300,3,12,
Product_1378,Category_019,2014-12-22,505300,4,12,
Product_1378,Category_019,2014-12-29,149200,5,12,
Product_1378,Category_019,2015-01-05,80700,1,1,
Product_1378,Category_019,2015-01-12,172600,2,1,
Product_1378,Category_019,2015-01-19,454200,3,1,
Product_1378,Category_019,2015-01-26,321300,4,1,
Product_1378,Category_019,2015-02-02,331900,1,2,
Product_1378,Category_019,2015-02-09,387000,2,2,
Product_1378,Category_019,2015-02-16,373800,3,2,
Product_1378,Category_019,2015-02-23,269600,4,2,
Product_1378,Category_019,2015-03-02,367000,1,3,
Product_1378,Category_019,2015-03-09,217500,2,3,
Product_1378,Category_019,2015-03-16,413800,3,3,
Product_1378,Category_019,2015-03-23,259200,4,3,
Product_1378,Category_019,2015-03-30,484300,5,3,
Product_1378,Category_019,2015-04-06,398500,1,4,
Product_1378,Category_019,2015-04-13,338400,2,4,
Product_1378,Category_019,2015-04-20,247800,3,4,
Product_1378,Category_019,2015-04-27,447800,4,4,
Product_1378,Category_019,2015-05-04,215100,1,5,
Product_1378,Category_019,2015-05-11,197200,2,5,
Product_1378,Category_019,2015-05-18,231000,3,5,
Product_1378,Category_019,2015-05-25,352800,4,5,
Product_1378,Category_019,2015-06-01,408400,1,6,
Product_1378,Category_019,2015-06-08,328300,2,6,
Product_1378,Category_019,2015-06-15,530000,3,6,
Product_1378,Category_019,2015-06-22,245100,4,6,
Product_1378,Category_019,2015-06-29,238100,5,6,
Product_1378,Category_019,2015-07-06,399400,1,7,
Product_1378,Category_019,2015-07-13,362700,2,7,
Product_1378,Category_019,2015-07-20,543800,3,7,
Product_1378,Category_019,2015-07-27,434600,4,7,
Product_1378,Category_019,2015-08-03,780800,1,8,
Product_1378,Category_019,2015-08-10,569300,2,8,
Product_1378,Category_019,2015-08-17,160200,3,8,
Product_1378,Category_019,2015-08-24,363900,4,8,
Product_1378,Category_019,2015-08-31,249800,5,8,
Product_1378,Category_019,2015-09-07,377800,1,9,
Product_1378,Category_019,2015-09-14,317000,2,9,
Product_1378,Category_019,2015-09-21,360400,3,9,
Product_1378,Category_019,2015-09-28,167600,4,9,
Product_1378,Category_019,2015-10-05,578100,1,10,
Product_1378,Category_019,2015-10-12,148900,2,10,
Product_1378,Category_019,2015-10-19,331300,3,10,
Product_1378,Category_019,2015-10-26,298700,4,10,
Product_1378,Category_019,2015-11-02,389300,1,11,
Product_1378,Category_019,2015-11-09,278100,2,11,
Product_1378,Category_019,2015-11-16,434400,3,11,
Product_1378,Category_019,2015-11-23,216200,4,11,
Product_1378,Category_019,2015-11-30,454700,5,11,
Product_1378,Category_019,2015-12-07,415300,1,12,
Product_1378,Category_019,2015-12-14,398500,2,12,
Product_1378,Category_019,2015-12-21,296700,3,12,
Product_1378,Category_019,2015-12-28,665500,4,12,
Product_1378,Category_019,2016-01-04,0,1,1,156965.0
Product_1378,Category_019,2016-01-11,262800,2,1,273079.0
Product_1378,Category_019,2016-01-18,391000,3,1,364703.0
Product_1378,Category_019,2016-01-25,297700,4,1,396661.0
Product_1378,Category_019,2016-02-01,242300,1,2,390811.0
Product_1378,Category_019,2016-02-08,236400,2,2,364962.0
Product_1378,Category_019,2016-02-15,312400,3,2,358476.0
Product_1378,Category_019,2016-02-22,327100,4,2,368916.0
Product_1378,Category_019,2016-02-29,244600,5,2,378836.0
Product_1378,Category_019,2016-03-07,391300,1,3,389908.0
Product_1378,Category_019,2016-03-14,287900,2,3,400313.0
Product_1378,Category_019,2016-03-21,106900,3,3,425209.0
Product_1378,Category_019,2016-03-28,445100,4,3,450918.0
Product_1378,Category_019,2016-04-04,539000,1,4,461670.0
Product_1378,Category_019,2016-04-11,333900,2,4,423554.0
Product_1378,Category_019,2016-04-18,294300,3,4,364337.0
Product_1378,Category_019,2016-04-25,376900,4,4,315100.0
Product_1378,Category_019,2016-05-02,251600,1,5,304519.0
Product_1378,Category_019,2016-05-09,236600,2,5,305035.0
Product_1378,Category_019,2016-05-16,317700,3,5,312976.0
Product_1378,Category_019,2016-05-23,318100,4,5,324337.0
Product_1378,Category_019,2016-05-30,189500,5,5,345924.0
Product_1378,Category_019,2016-06-06,359100,1,6,385391.0
Product_1378,Category_019,2016-06-13,253600,2,6,413128.0
Product_1378,Category_019,2016-06-20,321800,3,6,415182.0
Product_1378,Category_019,2016-06-27,330600,4,6,388279.0
Product_1378,Category_019,2016-07-04,410700,1,7,365422.0
Product_1378,Category_019,2016-07-11,379000,2,7,354523.0
Product_1378,Category_019,2016-07-18,296500,3,7,376380.0
Product_1378,Category_019,2016-07-25,311500,4,7,411156.0
Product_1378,Category_019,2016-08-01,504200,1,8,437167.0
Product_1378,Category_019,2016-08-08,278700,2,8,415693.0
Product_1378,Category_019,2016-08-15,140700,3,8,370578.0
Product_1378,Category_019,2016-08-22,406700,4,8,333635.0
Product_1378,Category_019,2016-08-29,229400,5,8,329603.0
Product_1378,Category_019,2016-09-05,419300,1,9,364158.0
Product_1378,Category_019,2016-09-12,156100,2,9,399249.0
Product_1378,Category_019,2016-09-19,345100,3,9,415690.0
Product_1378,Category_019,2016-09-26,358000,4,9,407082.0
Product_1378,Category_019,2016-10-03,636800,1,10,400997.0
Product_1378,Category_019,2016-10-10,265200,2,10,397954.0
Product_1378,Category_019,2016-10-17,321000,3,10,414336.0
Product_1378,Category_019,2016-10-24,425500,4,10,433503.0
Product_1378,Category_019,2016-10-31,260700,5,10,434270.0
Product_1378,Category_019,2016-11-07,336300,1,11,420820.0
Product_1378,Category_019,2016-11-14,461000,2,11,398712.0
Product_1378,Category_019,2016-11-21,507700,3,11,394971.0
Product_1378,Category_019,2016-11-28,444300,4,11,407121.0
Product_1378,Category_019,2016-12-05,486100,1,12,423071.0
Product_1378,Category_019,2016-12-12,314700,2,12,406208.0
Product_1378,Category_019,2016-12-19,464700,3,12,385127.0
Product_1378,Category_019,2016-12-26,344400,4,12,400251.0
Product_1378,Category_019,2017-01-02,244000,1,1,164897.0
